spkid,uttid,st,et,role,duration,asr
C1019_VC_3_FullCon_Wk23_Day3_081419,C1019_VC_3_FullCon_Wk23_Day3_081419-0000000-0000240,0.0,2.39,Moderator,2.39,the inverted day
C1019_VC_3_FullCon_Wk23_Day3_081419,C1019_VC_3_FullCon_Wk23_Day3_081419-0000678-0000943,6.78,9.42,Moderator,2.64,all right can you see that theme halloween
C1019_VC_3_FullCon_Wk23_Day3_081419,C1019_VC_3_FullCon_Wk23_Day3_081419-0001301-0001541,13.01,15.4,Participant,2.390000000000001,halloween
C1019_VC_3_FullCon_Wk23_Day3_081419,C1019_VC_3_FullCon_Wk23_Day3_081419-0001597-0001896,15.97,18.95,Moderator,2.979999999999998,our starting topics are costumes
C1019_VC_3_FullCon_Wk23_Day3_081419,C1019_VC_3_FullCon_Wk23_Day3_081419-0001907-0002359,19.07,23.58,Moderator,4.509999999999998,halloween traditions or fall activities which would you like to start with
C1019_VC_3_FullCon_Wk23_Day3_081419,C1019_VC_3_FullCon_Wk23_Day3_081419-0002544-0002784,25.44,27.83,Moderator,2.389999999999997,one
C1019_VC_3_FullCon_Wk23_Day3_081419,C1019_VC_3_FullCon_Wk23_Day3_081419-0002872-0003112,28.72,31.11,Participant,2.390000000000001,costumes and guess looking
C1019_VC_3_FullCon_Wk23_Day3_081419,C1019_VC_3_FullCon_Wk23_Day3_081419-0003393-0003713,33.93,37.12000000000001,Moderator,3.190000000000005,hmm can you describe what you're seeing in that picture
C1019_VC_3_FullCon_Wk23_Day3_081419,C1019_VC_3_FullCon_Wk23_Day3_081419-0004223-0004463,42.23,44.62000000000001,Participant,2.390000000000008,a whole bunch of kids
C1019_VC_3_FullCon_Wk23_Day3_081419,C1019_VC_3_FullCon_Wk23_Day3_081419-0004463-0004875,44.63,48.74,Participant,4.1099999999999985,probably coming to a door some were there with their halloween
C1019_VC_3_FullCon_Wk23_Day3_081419,C1019_VC_3_FullCon_Wk23_Day3_081419-0004875-0005111,48.75,51.1,Participant,2.3500000000000014,costumes on and
C1019_VC_3_FullCon_Wk23_Day3_081419,C1019_VC_3_FullCon_Wk23_Day3_081419-0005155-0005395,51.55,53.94000000000001,Participant,2.390000000000008,i took a treating someplace
C1019_VC_3_FullCon_Wk23_Day3_081419,C1019_VC_3_FullCon_Wk23_Day3_081419-0005585-0005947,55.85,59.46,Participant,3.61,to coin what that is the door or gate or something
C1019_VC_3_FullCon_Wk23_Day3_081419,C1019_VC_3_FullCon_Wk23_Day3_081419-0006155-0006557,61.56,65.55999999999999,Participant,3.9999999999999862,the one all dressed up in there different customs 
C1019_VC_3_FullCon_Wk23_Day3_081419,C1019_VC_3_FullCon_Wk23_Day3_081419-0006589-0006866,65.89,68.64999999999999,Moderator,2.7599999999999905,so cute 
C1019_VC_3_FullCon_Wk23_Day3_081419,C1019_VC_3_FullCon_Wk23_Day3_081419-0006931-0007171,69.31,71.69999999999997,Moderator,2.3899999999999864,really
C1019_VC_3_FullCon_Wk23_Day3_081419,C1019_VC_3_FullCon_Wk23_Day3_081419-0007342-0007905,73.42,79.03999999999998,Moderator,5.61999999999999,yeah did you did you dress up when you were a child for halloween
C1019_VC_3_FullCon_Wk23_Day3_081419,C1019_VC_3_FullCon_Wk23_Day3_081419-0007967-0008233,79.67,82.32,Participant,2.6499999999999915,i don't remember much of the child are
C1019_VC_3_FullCon_Wk23_Day3_081419,C1019_VC_3_FullCon_Wk23_Day3_081419-0008329-0008865,83.29,88.64,Participant,5.349999999999994,you know my own kids still at a dress at fallon and stuff victim
C1019_VC_3_FullCon_Wk23_Day3_081419,C1019_VC_3_FullCon_Wk23_Day3_081419-0009041-0009315,90.41,93.14,Participant,2.730000000000004,you can't say i really do remember much mon
C1019_VC_3_FullCon_Wk23_Day3_081419,C1019_VC_3_FullCon_Wk23_Day3_081419-0009470-0009779,94.7,97.78,Participant,3.0799999999999983,we lived in the country and there wasn't much to do for 
C1019_VC_3_FullCon_Wk23_Day3_081419,C1019_VC_3_FullCon_Wk23_Day3_081419-0009818-0010058,98.18,100.57,Participant,2.3899999999999864,you know going trick or treating or anything
C1019_VC_3_FullCon_Wk23_Day3_081419,C1019_VC_3_FullCon_Wk23_Day3_081419-0010192-0010690,101.92,106.89,Moderator,4.969999999999999,what were some of the costumes that you remember your children dressing up in
C1019_VC_3_FullCon_Wk23_Day3_081419,C1019_VC_3_FullCon_Wk23_Day3_081419-0010919-0011159,109.19,111.58,Participant,2.390000000000001,oh
C1019_VC_3_FullCon_Wk23_Day3_081419,C1019_VC_3_FullCon_Wk23_Day3_081419-0011260-0011636,112.6,116.35,Participant,3.75,my son used to go dress up as cowboys and
C1019_VC_3_FullCon_Wk23_Day3_081419,C1019_VC_3_FullCon_Wk23_Day3_081419-0011742-0012118,117.42,121.17,Participant,3.75,pirates and the girls all dressed up as 
C1019_VC_3_FullCon_Wk23_Day3_081419,C1019_VC_3_FullCon_Wk23_Day3_081419-0012143-0012381,121.43,123.8,Participant,2.3699999999999903,and he's in france
C1019_VC_3_FullCon_Wk23_Day3_081419,C1019_VC_3_FullCon_Wk23_Day3_081419-0012381-0012648,123.81,126.47,Participant,2.6599999999999966,fairies to princes and the
C1019_VC_3_FullCon_Wk23_Day3_081419,C1019_VC_3_FullCon_Wk23_Day3_081419-0012719-0012959,127.19,129.58,Participant,2.3900000000000152,gypsy's
C1019_VC_3_FullCon_Wk23_Day3_081419,C1019_VC_3_FullCon_Wk23_Day3_081419-0013083-0013379,130.83,133.79000000000002,Participant,2.9600000000000084,anything that they could kind of put together was
C1019_VC_3_FullCon_Wk23_Day3_081419,C1019_VC_3_FullCon_Wk23_Day3_081419-0013402-0013685,134.02,136.84,Participant,2.8199999999999936,you know flake out it was in some 
C1019_VC_3_FullCon_Wk23_Day3_081419,C1019_VC_3_FullCon_Wk23_Day3_081419-0013777-0014016,137.77,140.16,Participant,2.3899999999999864,costume jewelry and staff 
C1019_VC_3_FullCon_Wk23_Day3_081419,C1019_VC_3_FullCon_Wk23_Day3_081419-0014171-0014762,141.71,147.61,Moderator,5.900000000000006,have you ever been to like a masquerade ball or a costume party
C1019_VC_3_FullCon_Wk23_Day3_081419,C1019_VC_3_FullCon_Wk23_Day3_081419-0014877-0015119,148.77,151.18,Participant,2.4099999999999966,no again says ever have
C1019_VC_3_FullCon_Wk23_Day3_081419,C1019_VC_3_FullCon_Wk23_Day3_081419-0015144-0015740,151.44,157.39,Participant,5.950000000000018,you know they're quite popular these days when i was younger there wasn't anything like that around that i know of 
C1019_VC_3_FullCon_Wk23_Day3_081419,C1019_VC_3_FullCon_Wk23_Day3_081419-0015812-0016081,158.12,160.8,Participant,2.680000000000007,a halloween has grown to be quite a
C1019_VC_3_FullCon_Wk23_Day3_081419,C1019_VC_3_FullCon_Wk23_Day3_081419-0016081-0016542,160.81,165.41,Participant,4.599999999999994,occasion his last throw twenty thirty years yeah
C1019_VC_3_FullCon_Wk23_Day3_081419,C1019_VC_3_FullCon_Wk23_Day3_081419-0016549-0017079,165.49,170.78,Moderator,5.289999999999992,yeah and did your children ever go out trick or treating by themselves
C1019_VC_3_FullCon_Wk23_Day3_081419,C1019_VC_3_FullCon_Wk23_Day3_081419-0017186-0017709,171.86,177.08,Participant,5.219999999999999,hmm my husband always took on a fate they go up to us
C1019_VC_3_FullCon_Wk23_Day3_081419,C1019_VC_3_FullCon_Wk23_Day3_081419-0017775-0018045,177.75,180.45,Participant,2.7000000000000175,you know the top of the hill and uh
C1019_VC_3_FullCon_Wk23_Day3_081419,C1019_VC_3_FullCon_Wk23_Day3_081419-0018069-0018778,180.69,187.77,Participant,7.0800000000000125,several other mothers are somebody would be at there and they'd all watch the kids go from house house and 
C1019_VC_3_FullCon_Wk23_Day3_081419,C1019_VC_3_FullCon_Wk23_Day3_081419-0018789-0019084,187.89,190.83,Participant,2.940000000000026,the dogs would be with them and they 
C1019_VC_3_FullCon_Wk23_Day3_081419,C1019_VC_3_FullCon_Wk23_Day3_081419-0019139-0019511,191.39,195.1,Participant,3.710000000000037,i moved onto the next block together and 
C1019_VC_3_FullCon_Wk23_Day3_081419,C1019_VC_3_FullCon_Wk23_Day3_081419-0019608-0020070,196.08,200.69,Participant,4.609999999999985,they weren't next to them like saying that picture there but um
C1019_VC_3_FullCon_Wk23_Day3_081419,C1019_VC_3_FullCon_Wk23_Day3_081419-0020084-0020690,200.84,206.89,Participant,6.050000000000012,i was in earshot anyhow of the kids to play pretty much all went together as a group
C1019_VC_3_FullCon_Wk23_Day3_081419,C1019_VC_3_FullCon_Wk23_Day3_081419-0020752-0021277,207.52,212.76,Moderator,5.240000000000009,yeah it's interesting having a child of my own and
C1019_VC_3_FullCon_Wk23_Day3_081419,C1019_VC_3_FullCon_Wk23_Day3_081419-0021302-0022572,213.02,225.71,Moderator,12.689999999999998,i love dressing up so whatever she chooses to dress up as i usually will dress up as like the counter character to her so she dressed up as a red writing had one year so i was the wolfen
C1019_VC_3_FullCon_Wk23_Day3_081419,C1019_VC_3_FullCon_Wk23_Day3_081419-0022599-0023251,225.99,232.5,Moderator,6.509999999999992,it's been really fun but kind of looking back at my own childhood and how
C1019_VC_3_FullCon_Wk23_Day3_081419,C1019_VC_3_FullCon_Wk23_Day3_081419-0023279-0023910,232.79,239.09,Moderator,6.300000000000012,my parents just kind of let us do whatever i mean they would some white go trick or treating with us like in the
C1019_VC_3_FullCon_Wk23_Day3_081419,C1019_VC_3_FullCon_Wk23_Day3_081419-0023911-0024327,239.11,243.26,Moderator,4.150000000000007,i remember when i was a lot little or when my brother was little er
C1019_VC_3_FullCon_Wk23_Day3_081419,C1019_VC_3_FullCon_Wk23_Day3_081419-0024335-0025018,243.35,250.17,Moderator,6.8200000000000225,they would come with us and be house to house and is kind of like a party thing like they would bring their friends in
C1019_VC_3_FullCon_Wk23_Day3_081419,C1019_VC_3_FullCon_Wk23_Day3_081419-0025021-0025598,250.21,255.98,Moderator,5.770000000000009,it was a fun thing to do but as i got a little older i'd say probably around eleven or twelve
C1019_VC_3_FullCon_Wk23_Day3_081419,C1019_VC_3_FullCon_Wk23_Day3_081419-0025598-0026994,255.99,269.93,Moderator,13.939999999999998,they would just let me use my cousins go out by ourselves and now like that stops my heart the thought of letting my dotted go out on her own like he pealed in our late neighborhood but as far out as we would go to trick or treat
C1019_VC_3_FullCon_Wk23_Day3_081419,C1019_VC_3_FullCon_Wk23_Day3_081419-0027088-0027707,270.88,277.06,Participant,6.180000000000009,well i know my daughters went really far away and uh
C1019_VC_3_FullCon_Wk23_Day3_081419,C1019_VC_3_FullCon_Wk23_Day3_081419-0027797-0028167,277.97,281.66,Participant,3.6899999999999977,oh i said i couldn't do something like that anymore
C1019_VC_3_FullCon_Wk23_Day3_081419,C1019_VC_3_FullCon_Wk23_Day3_081419-0028224-0028844,282.24,288.43,Participant,6.189999999999998,yeah yeah yeah one of my daughters like later on when her son was a one
C1019_VC_3_FullCon_Wk23_Day3_081419,C1019_VC_3_FullCon_Wk23_Day3_081419-0028882-0029305,288.82,293.04,Participant,4.220000000000026,will probably maybe ten or twelve something like that
C1019_VC_3_FullCon_Wk23_Day3_081419,C1019_VC_3_FullCon_Wk23_Day3_081419-0029306-0029656,293.06,296.55,Participant,3.490000000000009,the whole neighborhood used to do a lot of decorating
C1019_VC_3_FullCon_Wk23_Day3_081419,C1019_VC_3_FullCon_Wk23_Day3_081419-0029656-0029895,296.56,298.94,Participant,2.3799999999999955,you know with music and art
C1019_VC_3_FullCon_Wk23_Day3_081419,C1019_VC_3_FullCon_Wk23_Day3_081419-0029930-0030614,299.3,306.14,Participant,6.839999999999975,ghostly things and i graveyards and different things in the yard and there was a lot of fun i used to go for doing or house for a
C1019_VC_3_FullCon_Wk23_Day3_081419,C1019_VC_3_FullCon_Wk23_Day3_081419-0030628-0030868,306.28,308.67,Participant,2.3900000000000428,you know they 
C1019_VC_3_FullCon_Wk23_Day3_081419,C1019_VC_3_FullCon_Wk23_Day3_081419-0030868-0031298,308.68,312.97,Participant,4.2900000000000205,he has reduced to have the kids bob for apples and stuff and he
C1019_VC_3_FullCon_Wk23_Day3_081419,C1019_VC_3_FullCon_Wk23_Day3_081419-0031346-0031871,313.46,318.7100000000001,Participant,5.250000000000057,um they were really into at least he was very much in due
C1019_VC_3_FullCon_Wk23_Day3_081419,C1019_VC_3_FullCon_Wk23_Day3_081419-0031874-0032125,318.74,321.24,Participant,2.5,costumes and staff that am
C1019_VC_3_FullCon_Wk23_Day3_081419,C1019_VC_3_FullCon_Wk23_Day3_081419-0032319-0032723,323.19,327.22,Participant,4.03000000000003,that's the only one i can really remember and we had her son used to zoo
C1019_VC_3_FullCon_Wk23_Day3_081419,C1019_VC_3_FullCon_Wk23_Day3_081419-0032723-0032999,327.23,329.98,Participant,2.75,really cute little costumes when he was little
C1019_VC_3_FullCon_Wk23_Day3_081419,C1019_VC_3_FullCon_Wk23_Day3_081419-0033204-0033444,332.04,334.43,Moderator,2.3899999999999864,
C1019_VC_3_FullCon_Wk23_Day3_081419,C1019_VC_3_FullCon_Wk23_Day3_081419-0033568-0033996,335.68,339.95,Participant,4.269999999999982,a i liked a pint on the neighborhood in our neighborhood was a 
C1019_VC_3_FullCon_Wk23_Day3_081419,C1019_VC_3_FullCon_Wk23_Day3_081419-0033997-0034350,339.97,343.49,Participant,3.5199999999999823,e there wasn't very much light around ed and there is 
C1019_VC_3_FullCon_Wk23_Day3_081419,C1019_VC_3_FullCon_Wk23_Day3_081419-0034350-0034789,343.5,347.88,Participant,4.379999999999996,no maybe every block or so might be a street lamp but u 
C1019_VC_3_FullCon_Wk23_Day3_081419,C1019_VC_3_FullCon_Wk23_Day3_081419-0034789-0035214,347.89,352.13,Participant,4.240000000000009,the neighborhood everybody had there's porch lights on an end
C1019_VC_3_FullCon_Wk23_Day3_081419,C1019_VC_3_FullCon_Wk23_Day3_081419-0035214-0035606,352.14,356.05,Participant,3.910000000000025,it the street was almost like daylight so it was a much different
C1019_VC_3_FullCon_Wk23_Day3_081419,C1019_VC_3_FullCon_Wk23_Day3_081419-0035631-0036137,356.31,361.36,Participant,5.050000000000012,and kids felt a lot more protected and everybody had music going on as
C1019_VC_3_FullCon_Wk23_Day3_081419,C1019_VC_3_FullCon_Wk23_Day3_081419-0036137-0036519,361.37,365.18,Participant,3.8100000000000014,a ghostly horror music kind of stuff or it was a lot of fun
C1019_VC_3_FullCon_Wk23_Day3_081419,C1019_VC_3_FullCon_Wk23_Day3_081419-0036663-0036903,366.63,369.02,Participant,2.3899999999999864,and missed that myself
C1019_VC_3_FullCon_Wk23_Day3_081419,C1019_VC_3_FullCon_Wk23_Day3_081419-0036963-0037479,369.63,374.78,Moderator,5.150000000000034,i remember that we used to live my daughter sliven sowed
C1019_VC_3_FullCon_Wk23_Day3_081419,C1019_VC_3_FullCon_Wk23_Day3_081419-0037479-0038049,374.79,380.48,Moderator,5.689999999999998,and we lived on this street and there was my daughter called at the crazy house and it really was it was like
C1019_VC_3_FullCon_Wk23_Day3_081419,C1019_VC_3_FullCon_Wk23_Day3_081419-0038049-0038762,380.49,387.61,Moderator,7.1200000000000045,i was in a junk yard ca there was organization to all of this stuff that they had but like they would decorate their cars with
C1019_VC_3_FullCon_Wk23_Day3_081419,C1019_VC_3_FullCon_Wk23_Day3_081419-0038865-0039575,388.65,395.74,Moderator,7.090000000000032,whatever they found in light so like one car was discovered in like trinkets and audit san
C1019_VC_3_FullCon_Wk23_Day3_081419,C1019_VC_3_FullCon_Wk23_Day3_081419-0039575-0039810,395.75,398.09,Moderator,2.3400000000000314,they just like glue man and
C1019_VC_3_FullCon_Wk23_Day3_081419,C1019_VC_3_FullCon_Wk23_Day3_081419-0039852-0040299,398.52,402.98,Moderator,4.460000000000036,so it was it was a bit it was a crazy year round and
C1019_VC_3_FullCon_Wk23_Day3_081419,C1019_VC_3_FullCon_Wk23_Day3_081419-0040299-0041435,402.99,414.34,Moderator,11.350000000000026,i remember like some of the decorations from each halloween would wind up staying up throughout the rest of the next year and one year they had i think walgreens was selling it i'm sure they found it anywhere but
C1019_VC_3_FullCon_Wk23_Day3_081419,C1019_VC_3_FullCon_Wk23_Day3_081419-0041435-0041655,414.35,416.54,Moderator,2.1899999999999977,there was selling like severe
C1019_VC_3_FullCon_Wk23_Day3_081419,C1019_VC_3_FullCon_Wk23_Day3_081419-0041663-0042192,416.63,421.91,Moderator,5.2800000000000304,parts like severed hands and feet they're hanging from the tree and
C1019_VC_3_FullCon_Wk23_Day3_081419,C1019_VC_3_FullCon_Wk23_Day3_081419-0042258-0043251,422.58,432.5,Moderator,9.920000000000016,every year she try alright my moment to be brave and we're gonna try this house and every year we'd cross the street we run past it and nope can do it and this
C1019_VC_3_FullCon_Wk23_Day3_081419,C1019_VC_3_FullCon_Wk23_Day3_081419-0043251-0043714,432.51,437.13,Moderator,4.6200000000000045,this year a rose in her spot
C1019_VC_3_FullCon_Wk23_Day3_081419,C1019_VC_3_FullCon_Wk23_Day3_081419-0043714-0044413,437.14,444.12,Moderator,6.980000000000018,nope and she turned around and just started walking home i started laughing so hard i'd run to catch up with the early
C1019_VC_3_FullCon_Wk23_Day3_081419,C1019_VC_3_FullCon_Wk23_Day3_081419-0044413-0044765,444.13,447.64,Moderator,3.509999999999991,divert her and it was so funny in
C1019_VC_3_FullCon_Wk23_Day3_081419,C1019_VC_3_FullCon_Wk23_Day3_081419-0044765-0045686,447.65,456.85,Moderator,9.200000000000044,the people were really nice like they didn't even dress up their house was so decorated but they were like jeans and t shirts and they come out and talk to the children and
C1019_VC_3_FullCon_Wk23_Day3_081419,C1019_VC_3_FullCon_Wk23_Day3_081419-0045686-0045971,456.86,459.7,Moderator,2.839999999999975,they were really sweet but she just couldn't
C1019_VC_3_FullCon_Wk23_Day3_081419,C1019_VC_3_FullCon_Wk23_Day3_081419-0046004-0046690,460.04,466.89,Moderator,6.849999999999965,i think i didn't win here what you day was just too much for her and the tree was like a spooky tree anyway though
C1019_VC_3_FullCon_Wk23_Day3_081419,C1019_VC_3_FullCon_Wk23_Day3_081419-0046695-0046935,466.95,469.34,Participant,2.3900000000000428,the
C1019_VC_3_FullCon_Wk23_Day3_081419,C1019_VC_3_FullCon_Wk23_Day3_081419-0046935-0047373,469.35,473.72,Participant,4.3700000000000045,it is a fine
C1019_VC_3_FullCon_Wk23_Day3_081419,C1019_VC_3_FullCon_Wk23_Day3_081419-0047436-0047841,474.36,478.4,Moderator,4.0400000000000205,how old is do you think is too old for trick or treating
C1019_VC_3_FullCon_Wk23_Day3_081419,C1019_VC_3_FullCon_Wk23_Day3_081419-0048065-0048305,480.65,483.04,Moderator,2.3900000000000428,
C1019_VC_3_FullCon_Wk23_Day3_081419,C1019_VC_3_FullCon_Wk23_Day3_081419-0048624-0049210,486.24,492.09,Participant,5.850000000000023,i don't know i'm by my own neighborhood and kids and stuff didn't go much after they were
C1019_VC_3_FullCon_Wk23_Day3_081419,C1019_VC_3_FullCon_Wk23_Day3_081419-0049210-0049543,492.1,495.42,Participant,3.3199999999999936,twelve was thirteen that was about the last times and
C1019_VC_3_FullCon_Wk23_Day3_081419,C1019_VC_3_FullCon_Wk23_Day3_081419-0049607-0050282,496.07,502.81,Participant,6.740000000000008,um it much after that it was miss was cleared and the case for little kids 
C1019_VC_3_FullCon_Wk23_Day3_081419,C1019_VC_3_FullCon_Wk23_Day3_081419-0050319-0050549,503.19,505.48,Participant,2.2900000000000205,any older than that and then you went to
C1019_VC_3_FullCon_Wk23_Day3_081419,C1019_VC_3_FullCon_Wk23_Day3_081419-0050549-0051114,505.49,511.13,Participant,5.639999999999987,parties at each other's houses or something and you didn't go really perpetrating you just went to more 
C1019_VC_3_FullCon_Wk23_Day3_081419,C1019_VC_3_FullCon_Wk23_Day3_081419-0051198-0051460,511.98,514.59,Participant,2.6100000000000136,i know no
C1019_VC_3_FullCon_Wk23_Day3_081419,C1019_VC_3_FullCon_Wk23_Day3_081419-0051460-0051680,514.6,516.79,Participant,2.189999999999941,it walks movies and and
C1019_VC_3_FullCon_Wk23_Day3_081419,C1019_VC_3_FullCon_Wk23_Day3_081419-0051680-0051929,516.8,519.28,Participant,2.480000000000018,did parties kit and stuff 
C1019_VC_3_FullCon_Wk23_Day3_081419,C1019_VC_3_FullCon_Wk23_Day3_081419-0052080-0052465,520.81,524.64,Moderator,3.830000000000041,why do you think that some might think that it's okay for
C1019_VC_3_FullCon_Wk23_Day3_081419,C1019_VC_3_FullCon_Wk23_Day3_081419-0052478-0052718,524.78,527.17,Moderator,2.3899999999999864,teens to still go trick or treating
C1019_VC_3_FullCon_Wk23_Day3_081419,C1019_VC_3_FullCon_Wk23_Day3_081419-0053014-0053457,530.14,534.5600000000002,Participant,4.420000000000074,o well i guess there's no really last saying they can't just uh
C1019_VC_3_FullCon_Wk23_Day3_081419,C1019_VC_3_FullCon_Wk23_Day3_081419-0053504-0054000,535.04,539.99,Participant,4.9500000000000455,most people kind of shut the lights off after about nine o'clock and uh
C1019_VC_3_FullCon_Wk23_Day3_081419,C1019_VC_3_FullCon_Wk23_Day3_081419-0054000-0054441,540.0,544.4,Participant,4.399999999999976,um you know little kids have to go home but bed and stuff and 
C1019_VC_3_FullCon_Wk23_Day3_081419,C1019_VC_3_FullCon_Wk23_Day3_081419-0054441-0054802,544.41,548.01,Participant,3.6000000000000227,teenagers could be out all night crawling around but uh
C1019_VC_3_FullCon_Wk23_Day3_081419,C1019_VC_3_FullCon_Wk23_Day3_081419-0054813-0055332,548.13,553.3100000000002,Participant,5.180000000000063,i um i tend to be more mischief makers and stuff then 
C1019_VC_3_FullCon_Wk23_Day3_081419,C1019_VC_3_FullCon_Wk23_Day3_081419-0055412-0055786,554.12,557.85,Participant,3.7300000000000177,oh paula papering trees and houses and stuff and 
C1019_VC_3_FullCon_Wk23_Day3_081419,C1019_VC_3_FullCon_Wk23_Day3_081419-0055788-0056028,557.88,560.27,Participant,2.3899999999999864,yeah
C1019_VC_3_FullCon_Wk23_Day3_081419,C1019_VC_3_FullCon_Wk23_Day3_081419-0056153-0056553,561.53,565.52,Participant,3.990000000000009,hi i just think most people for for that they're taking no
C1019_VC_3_FullCon_Wk23_Day3_081419,C1019_VC_3_FullCon_Wk23_Day3_081419-0056553-0056799,565.53,567.98,Participant,2.450000000000045,giving treats and little kids and 
C1019_VC_3_FullCon_Wk23_Day3_081419,C1019_VC_3_FullCon_Wk23_Day3_081419-0056799-0057029,567.99,570.28,Moderator,2.289999999999964,when they're older they don't 
C1019_VC_3_FullCon_Wk23_Day3_081419,C1019_VC_3_FullCon_Wk23_Day3_081419-0057029-0057249,570.29,572.48,Participant,2.1900000000000546,it has a different attitude towards them 
C1019_VC_3_FullCon_Wk23_Day3_081419,C1019_VC_3_FullCon_Wk23_Day3_081419-0057255-0058278,572.56,582.77,Moderator,10.210000000000036,yeahyeah it last year we normally go with friends trickortreating in other neighborhoods and last share it was kind of just last minute and
C1019_VC_3_FullCon_Wk23_Day3_081419,C1019_VC_3_FullCon_Wk23_Day3_081419-0058358-0059461,583.59,594.6,Moderator,11.009999999999993,we weren't going to go anywhere and then we decided to so we stuck around in our neighborhood and a couple of my daughters classmates lived nearby and one of them him and his two friends they weren't even dressed up
C1019_VC_3_FullCon_Wk23_Day3_081419,C1019_VC_3_FullCon_Wk23_Day3_081419-0059466-0060019,594.67,600.1800000000002,Moderator,5.510000000000105,so when they came over and knocked on the door and said trick or tree i just started laughing and said i don't think so
C1019_VC_3_FullCon_Wk23_Day3_081419,C1019_VC_3_FullCon_Wk23_Day3_081419-0060019-0060314,600.19,603.13,Moderator,2.9399999999999418,if i've got to pay for the candy that i got to give you a
C1019_VC_3_FullCon_Wk23_Day3_081419,C1019_VC_3_FullCon_Wk23_Day3_081419-0060314-0060627,603.14,606.26,Moderator,3.1200000000000045,at least make some put a mefford into your costume and
C1019_VC_3_FullCon_Wk23_Day3_081419,C1019_VC_3_FullCon_Wk23_Day3_081419-0060627-0061047,606.27,610.46,Moderator,4.1900000000000555,they came back probably about forty five minutes later and they had some weird
C1019_VC_3_FullCon_Wk23_Day3_081419,C1019_VC_3_FullCon_Wk23_Day3_081419-0061155-0061787,611.56,617.86,Moderator,6.300000000000068,something the superhero something or something like that and i ended up giving him candy right at
C1019_VC_3_FullCon_Wk23_Day3_081419,C1019_VC_3_FullCon_Wk23_Day3_081419-0061787-0062345,617.87,623.44,Moderator,5.57000000000005,and they had like full containers of kenya who is given you can do you're not in a dress up
C1019_VC_3_FullCon_Wk23_Day3_081419,C1019_VC_3_FullCon_Wk23_Day3_081419-0062408-0062734,624.09,627.33,Participant,3.240000000000009,and then in
C1019_VC_3_FullCon_Wk23_Day3_081419,C1019_VC_3_FullCon_Wk23_Day3_081419-0062936-0063395,629.36,633.94,Participant,4.580000000000041,it's all it's been i mean kids dress up in costumes that are kind of 
C1019_VC_3_FullCon_Wk23_Day3_081419,C1019_VC_3_FullCon_Wk23_Day3_081419-0063395-0063628,633.95,636.27,Participant,2.3199999999999363,chilly like these available 
C1019_VC_3_FullCon_Wk23_Day3_081419,C1019_VC_3_FullCon_Wk23_Day3_081419-0063628-0063879,636.28,638.78,Participant,2.5,princesses and stuff like that in there 
C1019_VC_3_FullCon_Wk23_Day3_081419,C1019_VC_3_FullCon_Wk23_Day3_081419-0063879-0064225,638.79,642.24,Participant,3.450000000000045,they're not even very warm in the house and then it's hard to 
C1019_VC_3_FullCon_Wk23_Day3_081419,C1019_VC_3_FullCon_Wk23_Day3_081419-0064225-0064873,642.25,648.72,Participant,6.470000000000027,to dress up and go outside to and the weather is usually not very good on halloween 
C1019_VC_3_FullCon_Wk23_Day3_081419,C1019_VC_3_FullCon_Wk23_Day3_081419-0064877-0065306,648.77,653.05,Participant,4.279999999999974,see green day a rainy or something another and 
C1019_VC_3_FullCon_Wk23_Day3_081419,C1019_VC_3_FullCon_Wk23_Day3_081419-0065308-0065549,653.09,655.48,Participant,2.3899999999999864,we used to have some nice
C1019_VC_3_FullCon_Wk23_Day3_081419,C1019_VC_3_FullCon_Wk23_Day3_081419-0065581-0065981,655.81,659.8,Participant,3.990000000000009,halloween weather but it hasn't been for a long time and the
C1019_VC_3_FullCon_Wk23_Day3_081419,C1019_VC_3_FullCon_Wk23_Day3_081419-0065981-0066550,659.81,665.49,Participant,5.680000000000063,i don't know but we used to take the kids to kind of a mall situation
C1019_VC_3_FullCon_Wk23_Day3_081419,C1019_VC_3_FullCon_Wk23_Day3_081419-0066610-0066909,666.1,669.08,Participant,2.9800000000000177,i will quit it was now but um
C1019_VC_3_FullCon_Wk23_Day3_081419,C1019_VC_3_FullCon_Wk23_Day3_081419-0067088-0067317,670.88,673.16,Participant,2.2799999999999727,any they could
C1019_VC_3_FullCon_Wk23_Day3_081419,C1019_VC_3_FullCon_Wk23_Day3_081419-0067317-0068094,673.17,680.9300000000002,Participant,7.760000000000105,they were all on inside going to the around to the different stores and stuff inside and we worked out a lot better the kids had more fun
C1019_VC_3_FullCon_Wk23_Day3_081419,C1019_VC_3_FullCon_Wk23_Day3_081419-0068102-0068401,681.02,684.0,Participant,2.9800000000000177,them going from house to house because they were
C1019_VC_3_FullCon_Wk23_Day3_081419,C1019_VC_3_FullCon_Wk23_Day3_081419-0068408-0068727,684.09,687.26,Participant,3.169999999999959,and places were closer and and everybody seemed to
C1019_VC_3_FullCon_Wk23_Day3_081419,C1019_VC_3_FullCon_Wk23_Day3_081419-0068758-0069078,687.59,690.77,Participant,3.17999999999995,have something special for the kids that way some 
C1019_VC_3_FullCon_Wk23_Day3_081419,C1019_VC_3_FullCon_Wk23_Day3_081419-0069163-0069400,691.63,693.99,Participant,2.3600000000000136,they got there
C1019_VC_3_FullCon_Wk23_Day3_081419,C1019_VC_3_FullCon_Wk23_Day3_081419-0069400-0069620,694.0,696.19,Participant,2.1900000000000546,halloween out anyhow
C1019_VC_3_FullCon_Wk23_Day3_081419,C1019_VC_3_FullCon_Wk23_Day3_081419-0069620-0069986,696.2,699.85,Moderator,3.649999999999977,i remember when you are being out
C1019_VC_3_FullCon_Wk23_Day3_081419,C1019_VC_3_FullCon_Wk23_Day3_081419-0069988-0070228,699.88,702.27,Moderator,2.3899999999999864,this was back in seed
C1019_VC_3_FullCon_Wk23_Day3_081419,C1019_VC_3_FullCon_Wk23_Day3_081419-0070256-0071137,702.56,711.36,Moderator,8.800000000000068,and we just kind of were wandering around and didn't even i don't even realize or remember how exactly we ended up in this church
C1019_VC_3_FullCon_Wk23_Day3_081419,C1019_VC_3_FullCon_Wk23_Day3_081419-0071144-0071565,711.44,715.64,Moderator,4.199999999999932,and i think maybe we were invited in or something in
C1019_VC_3_FullCon_Wk23_Day3_081419,C1019_VC_3_FullCon_Wk23_Day3_081419-0071593-0072529,715.93,725.28,Moderator,9.350000000000025,we it was like a big table set set up around this great big room and you just went and tricker treated around the table and
C1019_VC_3_FullCon_Wk23_Day3_081419,C1019_VC_3_FullCon_Wk23_Day3_081419-0072529-0072831,725.29,728.3,Moderator,3.009999999999991,they got it wasn't candy was 
C1019_VC_3_FullCon_Wk23_Day3_081419,C1019_VC_3_FullCon_Wk23_Day3_081419-0072898-0073230,728.98,732.29,Moderator,3.309999999999945,they were just like little toys and stuff like that which was fine
C1019_VC_3_FullCon_Wk23_Day3_081419,C1019_VC_3_FullCon_Wk23_Day3_081419-0073233-0073644,732.34,736.4300000000002,Moderator,4.090000000000032,i know my daughter normally doesn't need a whole lot of candy anyway so
C1019_VC_3_FullCon_Wk23_Day3_081419,C1019_VC_3_FullCon_Wk23_Day3_081419-0073645-0074294,736.45,742.9300000000002,Moderator,6.480000000000018,and was really sweet and we left way that hardly enough in there but it was everybody was just decked out
C1019_VC_3_FullCon_Wk23_Day3_081419,C1019_VC_3_FullCon_Wk23_Day3_081419-0074294-0074856,742.94,748.55,Moderator,5.6099999999999,they had all the adults and it wasn't like storebought costumes like the premade
C1019_VC_3_FullCon_Wk23_Day3_081419,C1019_VC_3_FullCon_Wk23_Day3_081419-0074856-0075313,748.56,753.12,Moderator,4.560000000000058,they all mean like vampires to the hilt and
C1019_VC_3_FullCon_Wk23_Day3_081419,C1019_VC_3_FullCon_Wk23_Day3_081419-0075341-0075635,753.41,756.34,Moderator,2.930000000000064,like blood and i mean it was
C1019_VC_3_FullCon_Wk23_Day3_081419,C1019_VC_3_FullCon_Wk23_Day3_081419-0075664-0076183,756.64,761.82,Moderator,5.180000000000063,it was really into cal it was like we watched the ten is alienated when it was like
C1019_VC_3_FullCon_Wk23_Day3_081419,C1019_VC_3_FullCon_Wk23_Day3_081419-0076183-0076565,761.83,765.64,Moderator,3.8099999999999454,trick or treating for youth then save and it was
C1019_VC_3_FullCon_Wk23_Day3_081419,C1019_VC_3_FullCon_Wk23_Day3_081419-0076574-0077001,765.74,770.0,Moderator,4.259999999999991,crazy adam my daughter's story members thatfor that time
C1019_VC_3_FullCon_Wk23_Day3_081419,C1019_VC_3_FullCon_Wk23_Day3_081419-0077040-0077624,770.4,776.23,Moderator,5.830000000000041,cause ya i had to keep reminding her you still have to say trick or treat but she would just
C1019_VC_3_FullCon_Wk23_Day3_081419,C1019_VC_3_FullCon_Wk23_Day3_081419-0077738-0078047,777.38,780.46,Moderator,3.080000000000041,she would just be staring at everybody the lines
C1019_VC_3_FullCon_Wk23_Day3_081419,C1019_VC_3_FullCon_Wk23_Day3_081419-0078056-0078296,780.56,782.95,Moderator,2.3900000000001,if it was really something
C1019_VC_3_FullCon_Wk23_Day3_081419,C1019_VC_3_FullCon_Wk23_Day3_081419-0078394-0078778,783.94,787.77,Participant,3.8299999999999272,a member we did one night but it must have been a 
C1019_VC_3_FullCon_Wk23_Day3_081419,C1019_VC_3_FullCon_Wk23_Day3_081419-0078778-0078998,787.78,789.97,Participant,2.1900000000000546,that kind of 
C1019_VC_3_FullCon_Wk23_Day3_081419,C1019_VC_3_FullCon_Wk23_Day3_081419-0079029-0079537,790.29,795.36,Participant,5.07000000000005,i don't know who set it up whether it was a girl scout troop or what but it had
C1019_VC_3_FullCon_Wk23_Day3_081419,C1019_VC_3_FullCon_Wk23_Day3_081419-0079537-0079779,795.37,797.78,Participant,2.4099999999999686,tables full of things in your
C1019_VC_3_FullCon_Wk23_Day3_081419,C1019_VC_3_FullCon_Wk23_Day3_081419-0079779-0080647,797.79,806.46,Participant,8.670000000000073,a blindfold and newer feeling the noodles and the grapes and different things like these are eyeballs and this is uh no various 
C1019_VC_3_FullCon_Wk23_Day3_081419,C1019_VC_3_FullCon_Wk23_Day3_081419-0080647-0080929,806.47,809.28,Participant,2.809999999999945,body parts and stuff and uh
C1019_VC_3_FullCon_Wk23_Day3_081419,C1019_VC_3_FullCon_Wk23_Day3_081419-0080963-0081482,809.63,814.8100000000002,Participant,5.180000000000063,there some music and older kids were making all these kind of a 
C1019_VC_3_FullCon_Wk23_Day3_081419,C1019_VC_3_FullCon_Wk23_Day3_081419-0081482-0081753,814.82,817.52,Participant,2.6999999999999313,for sounds that made it like it was
C1019_VC_3_FullCon_Wk23_Day3_081419,C1019_VC_3_FullCon_Wk23_Day3_081419-0081824-0082497,818.24,824.96,Participant,6.720000000000027,anyhow it was quite a thing that goes through and it was rather scary and i must have been about twelve and
C1019_VC_3_FullCon_Wk23_Day3_081419,C1019_VC_3_FullCon_Wk23_Day3_081419-0082497-0082790,824.97,827.89,Participant,2.919999999999959,it i've always remembered it as a
C1019_VC_3_FullCon_Wk23_Day3_081419,C1019_VC_3_FullCon_Wk23_Day3_081419-0082879-0083431,828.79,834.3,Participant,5.509999999999992,i never put any other kids through that myself but it was enough for me to deal with has beenthe
C1019_VC_3_FullCon_Wk23_Day3_081419,C1019_VC_3_FullCon_Wk23_Day3_081419-0083458-0083901,834.58,839.0,Participant,4.419999999999959,and it was a cute idea in a way but it it there was too much
C1019_VC_3_FullCon_Wk23_Day3_081419,C1019_VC_3_FullCon_Wk23_Day3_081419-0083994-0084447,839.94,844.46,Participant,4.519999999999982,your imagination can take over off the fast and something like that
C1019_VC_3_FullCon_Wk23_Day3_081419,C1019_VC_3_FullCon_Wk23_Day3_081419-0084447-0085325,844.47,853.24,Moderator,8.769999999999982,i my dad and i both love halloween i have always loved halloween mostly just because i like to see the costumes and
C1019_VC_3_FullCon_Wk23_Day3_081419,C1019_VC_3_FullCon_Wk23_Day3_081419-0085340-0085666,853.4,856.65,Moderator,3.25,autumn is my favorite time of year
C1019_VC_3_FullCon_Wk23_Day3_081419,C1019_VC_3_FullCon_Wk23_Day3_081419-0085666-0086351,856.66,863.5,Moderator,6.840000000000032,but if there is like a haunted house i won't do it i don't like things i like scary movies but
C1019_VC_3_FullCon_Wk23_Day3_081419,C1019_VC_3_FullCon_Wk23_Day3_081419-0086379-0086760,863.79,867.59,Moderator,3.8000000000000687,i have to watch them a few times in order to get all the way through 
C1019_VC_3_FullCon_Wk23_Day3_081419,C1019_VC_3_FullCon_Wk23_Day3_081419-0086760-0087291,867.6,872.9,Moderator,5.2999999999999545,cause i don't like the stuff that jumps out i know german 
C1019_VC_3_FullCon_Wk23_Day3_081419,C1019_VC_3_FullCon_Wk23_Day3_081419-0087291-0087929,872.91,879.28,Participant,6.3700000000000045,i don't know where i listed seem like went to oaks park one time and they're at a haunted house type of thing set up where you
C1019_VC_3_FullCon_Wk23_Day3_081419,C1019_VC_3_FullCon_Wk23_Day3_081419-0087929-0088248,879.29,882.47,Participant,3.180000000000064,um satin is
C1019_VC_3_FullCon_Wk23_Day3_081419,C1019_VC_3_FullCon_Wk23_Day3_081419-0088331-0088805,883.31,888.04,Participant,4.730000000000018,yo you know two is real people and sit together and and go through the different rooms and 
C1019_VC_3_FullCon_Wk23_Day3_081419,C1019_VC_3_FullCon_Wk23_Day3_081419-0088805-0089264,888.05,892.63,Participant,4.580000000000041,e things would jump out at you and and uh it was a 
C1019_VC_3_FullCon_Wk23_Day3_081419,C1019_VC_3_FullCon_Wk23_Day3_081419-0089308-0090100,893.08,900.99,Participant,7.909999999999968,really unnerving kind of thing they have everything jumping around you didn't it was dark and you didn't know what was gonna be around the next corner and
C1019_VC_3_FullCon_Wk23_Day3_081419,C1019_VC_3_FullCon_Wk23_Day3_081419-0090100-0090561,901.0,905.6,Participant,4.600000000000024,in the daylight it was a perfectly safe kind of thing but at night it was really 
C1019_VC_3_FullCon_Wk23_Day3_081419,C1019_VC_3_FullCon_Wk23_Day3_081419-0090576-0090816,905.76,908.15,Participant,2.3899999999999864,spooky yeah
C1019_VC_3_FullCon_Wk23_Day3_081419,C1019_VC_3_FullCon_Wk23_Day3_081419-0090850-0091423,908.5,914.22,Participant,5.720000000000027,crimes my only experience with your hunted house type thing and i personally not had the
C1019_VC_3_FullCon_Wk23_Day3_081419,C1019_VC_3_FullCon_Wk23_Day3_081419-0091423-0091823,914.23,918.22,Participant,3.990000000000009,a fortune for the type thing myself
C1019_VC_3_FullCon_Wk23_Day3_081419,C1019_VC_3_FullCon_Wk23_Day3_081419-0091823-0092594,918.23,925.93,Moderator,7.700000000000045,meet you there yeah i mean it again i like scary movies but usually if i watch them especially at nato watch them with
C1019_VC_3_FullCon_Wk23_Day3_081419,C1019_VC_3_FullCon_Wk23_Day3_081419-0092594-0093028,925.94,930.27,Moderator,4.329999999999926,like the volume down really low and lights all on an
C1019_VC_3_FullCon_Wk23_Day3_081419,C1019_VC_3_FullCon_Wk23_Day3_081419-0093033-0094091,930.33,940.9,Moderator,10.569999999999936,now and then really i just like the stories behind them in the plots and stuff but yeah i am not i've never been one to go through a haunted house even when
C1019_VC_3_FullCon_Wk23_Day3_081419,C1019_VC_3_FullCon_Wk23_Day3_081419-0094091-0094830,940.91,948.29,Moderator,7.3799999999999955,challenged by my best friends growing up who were i grew up with five boys in my neighborhood were all around the same age and
C1019_VC_3_FullCon_Wk23_Day3_081419,C1019_VC_3_FullCon_Wk23_Day3_081419-0094850-0095514,948.5,955.13,Moderator,6.629999999999996,we were just peas in a pod and they would challenge me and normally i would be like if you can do what i can but
C1019_VC_3_FullCon_Wk23_Day3_081419,C1019_VC_3_FullCon_Wk23_Day3_081419-0095514-0095817,955.14,958.16,Moderator,3.0199999999999823,not that it is of 
C1019_VC_3_FullCon_Wk23_Day3_081419,C1019_VC_3_FullCon_Wk23_Day3_081419-0095817-0096117,958.17,961.16,Participant,2.990000000000009,kind with you there
C1019_VC_3_FullCon_Wk23_Day3_081419,C1019_VC_3_FullCon_Wk23_Day3_081419-0096117-0096337,961.17,963.36,Moderator,2.1900000000000546,yeah
C1019_VC_3_FullCon_Wk23_Day3_081419,C1019_VC_3_FullCon_Wk23_Day3_081419-0096338-0096833,963.38,968.32,Moderator,4.940000000000055,do you like auto mart is there another time of year that you really like
C1019_VC_3_FullCon_Wk23_Day3_081419,C1019_VC_3_FullCon_Wk23_Day3_081419-0097082-0097750,970.82,977.49,Participant,6.669999999999959,here my mother always liked autumn that was her birthday was in october and and she
C1019_VC_3_FullCon_Wk23_Day3_081419,C1019_VC_3_FullCon_Wk23_Day3_081419-0097750-0098263,977.5,982.62,Participant,5.1200000000000045,close the autumn type of person but i personaly like spring myself better
C1019_VC_3_FullCon_Wk23_Day3_081419,C1019_VC_3_FullCon_Wk23_Day3_081419-0098337-0098910,983.37,989.09,Participant,5.720000000000027,i like the uh new leaves and plants and things that are
C1019_VC_3_FullCon_Wk23_Day3_081419,C1019_VC_3_FullCon_Wk23_Day3_081419-0098910-0099183,989.1,991.82,Participant,2.7200000000000277,adventure of something coming from 
C1019_VC_3_FullCon_Wk23_Day3_081419,C1019_VC_3_FullCon_Wk23_Day3_081419-0099254-0099662,992.54,996.61,Participant,4.07000000000005,you know i'm waking up from a long sleep a winter and stuff
C1019_VC_3_FullCon_Wk23_Day3_081419,C1019_VC_3_FullCon_Wk23_Day3_081419-0099843-0100309,998.43,1003.08,Participant,4.650000000000091,as far as costumes and skin ogo i was never been on costume so
C1019_VC_3_FullCon_Wk23_Day3_081419,C1019_VC_3_FullCon_Wk23_Day3_081419-0100309-0100702,1003.09,1007.01,Participant,3.919999999999959,and i didn't attend a lot of parties so i can't relay 
C1019_VC_3_FullCon_Wk23_Day3_081419,C1019_VC_3_FullCon_Wk23_Day3_081419-0100840-0101080,1008.4,1010.79,Participant,2.3899999999999864,
C1019_VC_3_FullCon_Wk23_Day3_081419,C1019_VC_3_FullCon_Wk23_Day3_081419-0101167-0101649,1011.67,1016.48,Participant,4.810000000000058,oh i i just never really know autumn is okay it's just
C1019_VC_3_FullCon_Wk23_Day3_081419,C1019_VC_3_FullCon_Wk23_Day3_081419-0101687-0102525,1016.87,1025.24,Participant,8.370000000000005,was right next to thanksgiving and christmas and stuff so i just never really give it enough a lot of thought i guess
C1019_VC_3_FullCon_Wk23_Day3_081419,C1019_VC_3_FullCon_Wk23_Day3_081419-0102545-0103175,1025.45,1031.74,Moderator,6.2899999999999645,yeah i like especially around portland i like springtime because
C1019_VC_3_FullCon_Wk23_Day3_081419,C1019_VC_3_FullCon_Wk23_Day3_081419-0103181-0104066,1031.81,1040.65,Moderator,8.840000000000147,you think that we have green all year round and we do but then springtime comes and you're reminded of how much more
C1019_VC_3_FullCon_Wk23_Day3_081419,C1019_VC_3_FullCon_Wk23_Day3_081419-0104066-0104303,1040.66,1043.02,Moderator,2.3599999999999,there is in portland and how
C1019_VC_3_FullCon_Wk23_Day3_081419,C1019_VC_3_FullCon_Wk23_Day3_081419-0104355-0104844,1043.55,1048.43,Moderator,4.880000000000108,like all this stuff that's been missing through the winter that you kind of acclimated to
C1019_VC_3_FullCon_Wk23_Day3_081419,C1019_VC_3_FullCon_Wk23_Day3_081419-0104847-0105220,1048.47,1052.19,Moderator,3.7200000000000273,it just all you know it just comes to life so i
C1019_VC_3_FullCon_Wk23_Day3_081419,C1019_VC_3_FullCon_Wk23_Day3_081419-0105220-0105601,1052.2,1056.0,Moderator,3.7999999999999545,autumn is my favorite but spring is definitely a close second
C1019_VC_3_FullCon_Wk23_Day3_081419,C1019_VC_3_FullCon_Wk23_Day3_081419-0105643-0105875,1056.43,1058.74,Participant,2.309999999999945,
C1019_VC_3_FullCon_Wk23_Day3_081419,C1019_VC_3_FullCon_Wk23_Day3_081419-0105875-0106388,1058.75,1063.87,Participant,5.120000000000118,yeah i just got a reverse but the monomers is really nice oh
C1019_VC_3_FullCon_Wk23_Day3_081419,C1019_VC_3_FullCon_Wk23_Day3_081419-0106388-0106609,1063.88,1066.08,Participant,2.1999999999998185,the smell of uh 
C1019_VC_3_FullCon_Wk23_Day3_081419,C1019_VC_3_FullCon_Wk23_Day3_081419-0106609-0106963,1066.09,1069.62,Participant,3.5300000000002,oh fall in the air and everything and um
C1019_VC_3_FullCon_Wk23_Day3_081419,C1019_VC_3_FullCon_Wk23_Day3_081419-0107161-0107516,1071.62,1075.15,Participant,3.5300000000002,yo i like to go for long walks in the the fall and
C1019_VC_3_FullCon_Wk23_Day3_081419,C1019_VC_3_FullCon_Wk23_Day3_081419-0107516-0108144,1075.16,1081.43,Participant,6.269999999999982,the leaves and the it used to be in the older days when people could have fires and stuff and
C1019_VC_3_FullCon_Wk23_Day3_081419,C1019_VC_3_FullCon_Wk23_Day3_081419-0108144-0108374,1081.44,1083.73,Participant,2.289999999999964,and smelling they you know
C1019_VC_3_FullCon_Wk23_Day3_081419,C1019_VC_3_FullCon_Wk23_Day3_081419-0108374-0108992,1083.74,1089.91,Participant,6.170000000000073,smoke in the air without worrying about flyers and everything and it's always a really nice time
C1019_VC_3_FullCon_Wk23_Day3_081419,C1019_VC_3_FullCon_Wk23_Day3_081419-0109151-0110090,1091.51,1100.89,Moderator,9.38000000000011,are there things in this spring are there events or anything that you go to during the springtime that you really enjoy
C1019_VC_3_FullCon_Wk23_Day3_081419,C1019_VC_3_FullCon_Wk23_Day3_081419-0110529-0110769,1105.29,1107.68,Participant,2.3900000000001,
C1019_VC_3_FullCon_Wk23_Day3_081419,C1019_VC_3_FullCon_Wk23_Day3_081419-0111038-0111574,1110.39,1115.73,Participant,5.339999999999918,a outside of some kind of like a flow flint to festival or something like that and
C1019_VC_3_FullCon_Wk23_Day3_081419,C1019_VC_3_FullCon_Wk23_Day3_081419-0111585-0112428,1115.86,1124.27,Participant,8.410000000000082,i must take my granddaughter to the oregon gardens out there what if as springfield or wherever it is short one
C1019_VC_3_FullCon_Wk23_Day3_081419,C1019_VC_3_FullCon_Wk23_Day3_081419-0112451-0112861,1124.51,1128.6,Participant,4.089999999999918,i know out there pass sale am somewhere and um
C1019_VC_3_FullCon_Wk23_Day3_081419,C1019_VC_3_FullCon_Wk23_Day3_081419-0112998-0113238,1129.98,1132.37,Participant,2.3900000000001,
C1019_VC_3_FullCon_Wk23_Day3_081419,C1019_VC_3_FullCon_Wk23_Day3_081419-0113316-0113666,1133.16,1136.65,Participant,3.490000000000009,that was about it kind of a festival of a
C1019_VC_3_FullCon_Wk23_Day3_081419,C1019_VC_3_FullCon_Wk23_Day3_081419-0113711-0113997,1137.12,1139.96,Participant,2.840000000000145,more a floor a kind of festival 
C1019_VC_3_FullCon_Wk23_Day3_081419,C1019_VC_3_FullCon_Wk23_Day3_081419-0114076-0114712,1140.76,1147.11,Participant,6.349999999999909,although in the fall we used to boil her soviet island in the the year dalia festival that was always rape
C1019_VC_3_FullCon_Wk23_Day3_081419,C1019_VC_3_FullCon_Wk23_Day3_081419-0114894-0115288,1148.94,1152.87,Participant,3.930000000000064,there it seem like more things going on it aron halloway in the
C1019_VC_3_FullCon_Wk23_Day3_081419,C1019_VC_3_FullCon_Wk23_Day3_081419-0115354-0115617,1153.54,1156.16,Participant,2.6200000000001182,oooh sob's island with the 
C1019_VC_3_FullCon_Wk23_Day3_081419,C1019_VC_3_FullCon_Wk23_Day3_081419-0115617-0115927,1156.17,1159.26,Participant,3.0899999999999177,corn mazes and pumpkin 
C1019_VC_3_FullCon_Wk23_Day3_081419,C1019_VC_3_FullCon_Wk23_Day3_081419-0116011-0116348,1160.12,1163.47,Participant,3.3500000000001364,something now that wes to do it bumped that remember what now
C1019_VC_3_FullCon_Wk23_Day3_081419,C1019_VC_3_FullCon_Wk23_Day3_081419-0116348-0116931,1163.48,1169.3,Participant,5.819999999999937,us but any who is there you know it was just a lot of fun to kids were all uh
C1019_VC_3_FullCon_Wk23_Day3_081419,C1019_VC_3_FullCon_Wk23_Day3_081419-0116935-0117358,1169.36,1173.57,Participant,4.210000000000036,and now well pick out their pumpkins and decorate different ones and um
C1019_VC_3_FullCon_Wk23_Day3_081419,C1019_VC_3_FullCon_Wk23_Day3_081419-0117411-0117863,1174.12,1178.62,Participant,4.5000000000002265,everybody just seemed to have a lot of fun and a lot laughing going on and everything
C1019_VC_3_FullCon_Wk23_Day3_081419,C1019_VC_3_FullCon_Wk23_Day3_081419-0117863-0118387,1178.63,1183.86,Participant,5.229999999999791,nothing i can really members that you've four boots and you had a lot of mind because those
C1019_VC_3_FullCon_Wk23_Day3_081419,C1019_VC_3_FullCon_Wk23_Day3_081419-0118387-0118907,1183.87,1189.06,Participant,5.190000000000055,those corn mazes uh see like they were really wet live
C1019_VC_3_FullCon_Wk23_Day3_081419,C1019_VC_3_FullCon_Wk23_Day3_081419-0118907-0119359,1189.07,1193.58,Participant,4.509999999999991,it may not have rained that day but it sure rained earlier in the week or something so i
C1019_VC_3_FullCon_Wk23_Day3_081419,C1019_VC_3_FullCon_Wk23_Day3_081419-0119380-0119714,1193.8,1197.13,Participant,3.3300000000001546,but i know it's a lot of fun
C1019_VC_3_FullCon_Wk23_Day3_081419,C1019_VC_3_FullCon_Wk23_Day3_081419-0119714-0120317,1197.14,1203.16,Moderator,6.019999999999982,yeah we did my daughter's birthday is in early october and so
C1019_VC_3_FullCon_Wk23_Day3_081419,C1019_VC_3_FullCon_Wk23_Day3_081419-0120317-0120620,1203.17,1206.19,Moderator,3.0199999999999823,one year we did her birthday at 
C1019_VC_3_FullCon_Wk23_Day3_081419,C1019_VC_3_FullCon_Wk23_Day3_081419-0120703-0120963,1207.03,1209.62,Moderator,2.590000000000145,bella organic farm
C1019_VC_3_FullCon_Wk23_Day3_081419,C1019_VC_3_FullCon_Wk23_Day3_081419-0120963-0121539,1209.63,1215.38,Moderator,5.75,out on soviet island and they had the pumpkin patch and the he ride in
C1019_VC_3_FullCon_Wk23_Day3_081419,C1019_VC_3_FullCon_Wk23_Day3_081419-0121544-0122347,1215.44,1223.46,Moderator,8.019999999999982,they i mean they had the whole shebang the corn maze and the kids ended up doing that while i couldn't stay back in gotland trading in stuff in
C1019_VC_3_FullCon_Wk23_Day3_081419,C1019_VC_3_FullCon_Wk23_Day3_081419-0122388-0122846,1223.89,1228.45,Moderator,4.559999999999945,there's a lot of fun so we went back a couple weeks later to pick out our
C1019_VC_3_FullCon_Wk23_Day3_081419,C1019_VC_3_FullCon_Wk23_Day3_081419-0122846-0123455,1228.46,1234.54,Moderator,6.079999999999927,halloween halloween pumpkins and have decided to do the cornes and i always
C1019_VC_3_FullCon_Wk23_Day3_081419,C1019_VC_3_FullCon_Wk23_Day3_081419-0123455-0123877,1234.55,1238.76,Moderator,4.210000000000036,i think october comes and i just automatically pull out my rainboots i'm
C1019_VC_3_FullCon_Wk23_Day3_081419,C1019_VC_3_FullCon_Wk23_Day3_081419-0123877-0124127,1238.77,1241.26,Moderator,2.490000000000009,i mean the rains have already started a little and
C1019_VC_3_FullCon_Wk23_Day3_081419,C1019_VC_3_FullCon_Wk23_Day3_081419-0124155-0124551,1241.55,1245.5,Moderator,3.9500000000000455,my daughter wore these boots they are like
C1019_VC_3_FullCon_Wk23_Day3_081419,C1019_VC_3_FullCon_Wk23_Day3_081419-0124566-0124830,1245.66,1248.29,Moderator,2.6299999999998818,soft boots lee at the 
C1019_VC_3_FullCon_Wk23_Day3_081419,C1019_VC_3_FullCon_Wk23_Day3_081419-0124830-0125442,1248.3,1254.41,Moderator,6.110000000000127,their crinoline uggs i dont know if you know what those are but there like soft on the inside and kind of like a suede on the rise again yeah
C1019_VC_3_FullCon_Wk23_Day3_081419,C1019_VC_3_FullCon_Wk23_Day3_081419-0125461-0126040,1254.62,1260.39,Moderator,5.770000000000208,a definitely not water proof and i asked her several times do on at least bringing a rain boots in the car not
C1019_VC_3_FullCon_Wk23_Day3_081419,C1019_VC_3_FullCon_Wk23_Day3_081419-0126066-0126466,1260.66,1264.65,Moderator,3.990000000000009,we find i mean it was a sunny day it was really nice outside
C1019_VC_3_FullCon_Wk23_Day3_081419,C1019_VC_3_FullCon_Wk23_Day3_081419-0126466-0126861,1264.66,1268.6,Moderator,3.9399999999998268,and there was like three to four inches of this
C1019_VC_3_FullCon_Wk23_Day3_081419,C1019_VC_3_FullCon_Wk23_Day3_081419-0126876-0127211,1268.76,1272.1,Moderator,3.3399999999999177,like wet mucky mud
C1019_VC_3_FullCon_Wk23_Day3_081419,C1019_VC_3_FullCon_Wk23_Day3_081419-0127211-0128084,1272.11,1280.83,Moderator,8.720000000000027,and it smelled so bad and it was so slippery like we are holding on the core onto the corn to get around and her boots were just
C1019_VC_3_FullCon_Wk23_Day3_081419,C1019_VC_3_FullCon_Wk23_Day3_081419-0128102-0128342,1281.02,1283.41,Moderator,2.3900000000001,they were just cake i didn't even
C1019_VC_3_FullCon_Wk23_Day3_081419,C1019_VC_3_FullCon_Wk23_Day3_081419-0128342-0129239,1283.42,1292.38,Moderator,8.960000000000036,we got to a garbage can and i said just take them off in them in the garage can and let's go cause i mean there were a lighter color and the mud was really dark so i was like there
C1019_VC_3_FullCon_Wk23_Day3_081419,C1019_VC_3_FullCon_Wk23_Day3_081419-0129239-0129758,1292.39,1297.57,Moderator,5.179999999999836,the ruins i been there is not a user
C1019_VC_3_FullCon_Wk23_Day3_081419,C1019_VC_3_FullCon_Wk23_Day3_081419-0129778-0130065,1297.78,1300.64,Participant,2.8600000000001278,yeah we went to two three years and it is
C1019_VC_3_FullCon_Wk23_Day3_081419,C1019_VC_3_FullCon_Wk23_Day3_081419-0130065-0130800,1300.65,1307.99,Participant,7.339999999999918,i got to the point where i i really don't like mazes because i i get lost real easy in my panic so i 
C1019_VC_3_FullCon_Wk23_Day3_081419,C1019_VC_3_FullCon_Wk23_Day3_081419-0130800-0131110,1308.0,1311.09,Participant,3.0899999999999177,i don't go cake i could have somebody go with me but
C1019_VC_3_FullCon_Wk23_Day3_081419,C1019_VC_3_FullCon_Wk23_Day3_081419-0131110-0131577,1311.1,1315.76,Participant,4.660000000000082,everyone now all would be some younger kids that they ran off and 
C1019_VC_3_FullCon_Wk23_Day3_081419,C1019_VC_3_FullCon_Wk23_Day3_081419-0131593-0132122,1315.93,1321.21,Participant,5.279999999999973,you know let's lose mom or something anyhow i um
C1019_VC_3_FullCon_Wk23_Day3_081419,C1019_VC_3_FullCon_Wk23_Day3_081419-0132225-0132586,1322.25,1325.85,Participant,3.5999999999999086,i had a really bad time sink in not here i just
C1019_VC_3_FullCon_Wk23_Day3_081419,C1019_VC_3_FullCon_Wk23_Day3_081419-0132586-0133068,1325.86,1330.67,Participant,4.810000000000173,a it's a small maze that i know how to be able to get out of this and i just
C1019_VC_3_FullCon_Wk23_Day3_081419,C1019_VC_3_FullCon_Wk23_Day3_081419-0133068-0133637,1330.68,1336.36,Participant,5.679999999999835,practically set down in the middle of it in pride except i didn't say it but but i just uh
C1019_VC_3_FullCon_Wk23_Day3_081419,C1019_VC_3_FullCon_Wk23_Day3_081419-0133637-0134210,1336.37,1342.09,Participant,5.720000000000027,a horrible panicky feeling and i just i was about the last time i ever went there again when i just 
C1019_VC_3_FullCon_Wk23_Day3_081419,C1019_VC_3_FullCon_Wk23_Day3_081419-0134258-0134828,1342.58,1348.27,Participant,5.690000000000055,am i initially don't a fond amazes that's solar is do it
C1019_VC_3_FullCon_Wk23_Day3_081419,C1019_VC_3_FullCon_Wk23_Day3_081419-0134873-0135637,1348.73,1356.36,Moderator,7.6299999999998835,yeah we my agent lost juice go i don't know but i didn't see a lead too i did see you and normally i have a 
C1019_VC_3_FullCon_Wk23_Day3_081419,C1019_VC_3_FullCon_Wk23_Day3_081419-0135646-0135938,1356.46,1359.37,Moderator,2.9100000000000823,early ok send good sense of direction but
C1019_VC_3_FullCon_Wk23_Day3_081419,C1019_VC_3_FullCon_Wk23_Day3_081419-0135938-0136526,1359.38,1365.25,Moderator,5.869999999999892,yeah they're not my favorite either in one dear one year or my daughter was a little younger
C1019_VC_3_FullCon_Wk23_Day3_081419,C1019_VC_3_FullCon_Wk23_Day3_081419-0136546-0136791,1365.46,1367.9,Moderator,2.4400000000000546,i think she was probably like six or seven
C1019_VC_3_FullCon_Wk23_Day3_081419,C1019_VC_3_FullCon_Wk23_Day3_081419-0136797-0137835,1367.97,1378.34,Moderator,10.36999999999989,were at a pumpkin patch and there were a ton of people and my friend's daughter wanted to take her back through the corn maze and it was somewhat small
C1019_VC_3_FullCon_Wk23_Day3_081419,C1019_VC_3_FullCon_Wk23_Day3_081419-0137838-0138101,1378.38,1381.0,Moderator,2.6199999999998913,and we ended up losing her
C1019_VC_3_FullCon_Wk23_Day3_081419,C1019_VC_3_FullCon_Wk23_Day3_081419-0138121-0138812,1381.21,1388.11,Moderator,6.899999999999863,if my friend and i were standing out by the exit waiting for them to come out and somehow my daughter got lost from
C1019_VC_3_FullCon_Wk23_Day3_081419,C1019_VC_3_FullCon_Wk23_Day3_081419-0138830-0139181,1388.3,1391.8,Moderator,3.5,her friend and ended up going out the entrance
C1019_VC_3_FullCon_Wk23_Day3_081419,C1019_VC_3_FullCon_Wk23_Day3_081419-0139181-0139532,1391.81,1395.31,Moderator,3.5,and got a lot of panic because we weren't there
C1019_VC_3_FullCon_Wk23_Day3_081419,C1019_VC_3_FullCon_Wk23_Day3_081419-0139532-0139773,1395.32,1397.72,Moderator,2.400000000000091,she didn't she lost her friend and
C1019_VC_3_FullCon_Wk23_Day3_081419,C1019_VC_3_FullCon_Wk23_Day3_081419-0139773-0140177,1397.73,1401.76,Moderator,4.029999999999974,it took us about twenty minutes of sheer panic
C1019_VC_3_FullCon_Wk23_Day3_081419,C1019_VC_3_FullCon_Wk23_Day3_081419-0140177-0140617,1401.77,1406.16,Moderator,4.3900000000001,to find her and she was over she went over and sat on the side and dislike
C1019_VC_3_FullCon_Wk23_Day3_081419,C1019_VC_3_FullCon_Wk23_Day3_081419-0140645-0141298,1406.45,1412.97,Moderator,6.519999999999982,kind of left a little waiting and thou oh gosh we have to have this conversation please stay put
C1019_VC_3_FullCon_Wk23_Day3_081419,C1019_VC_3_FullCon_Wk23_Day3_081419-0141331-0142672,1413.31,1426.71,Participant,13.400000000000093,yes it was so caring after that in morass just are not my favorite that's have to agree i went to that and here i was an abuse and i still felt that way and thus
C1019_VC_3_FullCon_Wk23_Day3_081419,C1019_VC_3_FullCon_Wk23_Day3_081419-0142672-0143323,1426.72,1433.22,Participant,6.5,and and first the kids thought it was giant they went through it so easy and they went through it the second time and and then full of that 
C1019_VC_3_FullCon_Wk23_Day3_081419,C1019_VC_3_FullCon_Wk23_Day3_081419-0143323-0143652,1433.23,1436.51,Participant,3.2799999999999727,oh let's like tricks on each other type a thing
C1019_VC_3_FullCon_Wk23_Day3_081419,C1019_VC_3_FullCon_Wk23_Day3_081419-0143652-0144191,1436.52,1441.9,Participant,5.380000000000108,and oh my granddaughter got lost in there too and then she just know or it's
C1019_VC_3_FullCon_Wk23_Day3_081419,C1019_VC_3_FullCon_Wk23_Day3_081419-0144191-0144536,1441.91,1445.35,Participant,3.4399999999998268,it was just about the last time any of us ever did that type of thing
C1019_VC_3_FullCon_Wk23_Day3_081419,C1019_VC_3_FullCon_Wk23_Day3_081419-0144536-0144857,1445.36,1448.56,Participant,3.200000000000045,the other the hayrides and everything were fine but of
C1019_VC_3_FullCon_Wk23_Day3_081419,C1019_VC_3_FullCon_Wk23_Day3_081419-0144872-0145348,1448.72,1453.47,Participant,4.75,corn mazes let's just look at them and go on
C1019_VC_3_FullCon_Wk23_Day3_081419,C1019_VC_3_FullCon_Wk23_Day3_081419-0145441-0146082,1454.41,1460.81,Moderator,6.399999999999863,yeah and they get pretty big i've noticed the couple we try and go to different pumpkin patches every year and
C1019_VC_3_FullCon_Wk23_Day3_081419,C1019_VC_3_FullCon_Wk23_Day3_081419-0146082-0146445,1460.82,1464.44,Moderator,3.6200000000001182,there they're pretty big and i just think no i'm 
C1019_VC_3_FullCon_Wk23_Day3_081419,C1019_VC_3_FullCon_Wk23_Day3_081419-0146460-0147107,1464.6,1471.06,Participant,6.4600000000000355,yo no me cry every one a all i see an english movie where they have a um
C1019_VC_3_FullCon_Wk23_Day3_081419,C1019_VC_3_FullCon_Wk23_Day3_081419-0147107-0147939,1471.07,1479.38,Participant,8.310000000000173,amazed with you green had just type thing in and i don't see people going through but i get kind of an aerial view and simple out
C1019_VC_3_FullCon_Wk23_Day3_081419,C1019_VC_3_FullCon_Wk23_Day3_081419-0147993-0148436,1479.93,1484.35,Participant,4.4199999999998445,interesting but i couldn't i'm glad i've never seen one because i did don't
C1019_VC_3_FullCon_Wk23_Day3_081419,C1019_VC_3_FullCon_Wk23_Day3_081419-0148436-0148906,1484.36,1489.05,Moderator,4.690000000000055,i don't think i like that any better in the corners 
C1019_VC_3_FullCon_Wk23_Day3_081419,C1019_VC_3_FullCon_Wk23_Day3_081419-0148985-0149734,1489.85,1497.33,Moderator,7.480000000000018,yeah and even maps like we've been to a couple cord bacon mazes and he'll give you a map and you can't tell
C1019_VC_3_FullCon_Wk23_Day3_081419,C1019_VC_3_FullCon_Wk23_Day3_081419-0149734-0150048,1497.34,1500.47,Moderator,3.130000000000109,in a sea of corn oh no where you are
C1019_VC_3_FullCon_Wk23_Day3_081419,C1019_VC_3_FullCon_Wk23_Day3_081419-0150093-0150860,1500.93,1508.59,Participant,7.6599999999998545,oh i know other people said always really simple you can just go and you can tell that's a a door a wall way or something
C1019_VC_3_FullCon_Wk23_Day3_081419,C1019_VC_3_FullCon_Wk23_Day3_081419-0150860-0151442,1508.6,1514.41,Participant,5.810000000000173,and i couldn't i just i feeling all around and i i couldn't tell anything it just was
C1019_VC_3_FullCon_Wk23_Day3_081419,C1019_VC_3_FullCon_Wk23_Day3_081419-0151442-0151740,1514.42,1517.39,Participant,2.9700000000000277,i just i
C1019_VC_3_FullCon_Wk23_Day3_081419,C1019_VC_3_FullCon_Wk23_Day3_081419-0151740-0152177,1517.4,1521.76,Moderator,4.3599999999999,just disorienting for sure i
C1019_VC_3_FullCon_Wk23_Day3_081419,C1019_VC_3_FullCon_Wk23_Day3_081419-0152177-0152710,1521.77,1527.09,Participant,5.319999999999937,and that in the mud and everything was just too much for me yeah
C1019_VC_3_FullCon_Wk23_Day3_081419,C1019_VC_3_FullCon_Wk23_Day3_081419-0152710-0153495,1527.1,1534.94,Moderator,7.8400000000001455,yeah we we did one last year and i did make a statement halfway through saying this is the last time i will
C1019_VC_3_FullCon_Wk23_Day3_081419,C1019_VC_3_FullCon_Wk23_Day3_081419-0153495-0153894,1534.95,1538.93,Moderator,3.9800000000000177,attempt and normally i can kind of get out of it cause were with friends
C1019_VC_3_FullCon_Wk23_Day3_081419,C1019_VC_3_FullCon_Wk23_Day3_081419-0153894-0154200,1538.94,1541.99,Moderator,3.0499999999999545,but last year it was just her and i that went so
C1019_VC_3_FullCon_Wk23_Day3_081419,C1019_VC_3_FullCon_Wk23_Day3_081419-0154255-0154884,1542.55,1548.83,Moderator,6.279999999999973,is like yep this is i'm not going through these again kiss i mean it all blends in and he can't figure out what we are and
C1019_VC_3_FullCon_Wk23_Day3_081419,C1019_VC_3_FullCon_Wk23_Day3_081419-0154888-0156462,1548.88,1564.61,Moderator,15.72999999999979,usually it ends up being i'm so stressed out by the time we finally find our way out like let's go to the food the food smells amazing that's all i want right now i glad i'm not the only one that has that kind of result that agent
C1019_VC_3_FullCon_Wk23_Day3_081419,C1019_VC_3_FullCon_Wk23_Day3_081419-0156462-0157138,1564.62,1571.37,Participant,6.750000000000227,let's fun and save it for cristmas or something i'm just not that way and it
C1019_VC_3_FullCon_Wk23_Day3_081419,C1019_VC_3_FullCon_Wk23_Day3_081419-0157154-0157394,1571.54,1573.93,Moderator,2.3900000000001,yeah yeah
C1019_VC_3_FullCon_Wk23_Day3_081419,C1019_VC_3_FullCon_Wk23_Day3_081419-0157394-0158110,1573.94,1581.09,Moderator,7.149999999999863,now the pumpkin flavored everything is so big everywhere and i used to love it
C1019_VC_3_FullCon_Wk23_Day3_081419,C1019_VC_3_FullCon_Wk23_Day3_081419-0158161-0158884,1581.61,1588.83,Moderator,7.220000000000027,i mean i still kind of do but i think there's this like over saturation of pumpkin everywhere what are your thoughts on that
C1019_VC_3_FullCon_Wk23_Day3_081419,C1019_VC_3_FullCon_Wk23_Day3_081419-0158884-0159511,1588.84,1595.1,Participant,6.259999999999992,i feel the same way at first i thought it was really great that they're you know made the pumpkin flavored things but
C1019_VC_3_FullCon_Wk23_Day3_081419,C1019_VC_3_FullCon_Wk23_Day3_081419-0159540-0160125,1595.4,1601.24,Participant,5.839999999999918,h outside of some pumpkin bread i really don't much care for it anymore oh uh 
C1019_VC_3_FullCon_Wk23_Day3_081419,C1019_VC_3_FullCon_Wk23_Day3_081419-0160243-0160670,1602.43,1606.69,Participant,4.259999999999991,it's just the pumpkin ice cream even doesn't appeal to me in enough
C1019_VC_3_FullCon_Wk23_Day3_081419,C1019_VC_3_FullCon_Wk23_Day3_081419-0160670-0161591,1606.7,1615.9,Participant,9.200000000000044,no spice cupcakes were punk in frosting and so for it it's just a little too much and you know what there is about it but i just don't care for it
C1019_VC_3_FullCon_Wk23_Day3_081419,C1019_VC_3_FullCon_Wk23_Day3_081419-0161705-0161941,1617.05,1619.4,Participant,2.3500000000001364,i am overkill somehow
C1019_VC_3_FullCon_Wk23_Day3_081419,C1019_VC_3_FullCon_Wk23_Day3_081419-0161941-0162321,1619.41,1623.2,Moderator,3.789999999999964,right yeah and now it's so funny i
C1019_VC_3_FullCon_Wk23_Day3_081419,C1019_VC_3_FullCon_Wk23_Day3_081419-0162327-0162694,1623.27,1626.93,Moderator,3.6600000000000823,i definitely can relate to my grandparents more and more each year
C1019_VC_3_FullCon_Wk23_Day3_081419,C1019_VC_3_FullCon_Wk23_Day3_081419-0162719-0163425,1627.19,1634.24,Moderator,7.0499999999999545,there was one year with a started christmas music before halloween and i actually called the radio station and complain as a
C1019_VC_3_FullCon_Wk23_Day3_081419,C1019_VC_3_FullCon_Wk23_Day3_081419-0163425-0163831,1634.25,1638.3,Moderator,4.0499999999999545,this is crazy and with consumerism
C1019_VC_3_FullCon_Wk23_Day3_081419,C1019_VC_3_FullCon_Wk23_Day3_081419-0163831-0164424,1638.31,1644.23,Moderator,5.920000000000073,i'm seeing a halloween stuff so much earlier and you know of course christmas stuff
C1019_VC_3_FullCon_Wk23_Day3_081419,C1019_VC_3_FullCon_Wk23_Day3_081419-0164424-0164809,1644.24,1648.08,Moderator,3.8399999999999177,not long after halloween if you know even before halloween and
C1019_VC_3_FullCon_Wk23_Day3_081419,C1019_VC_3_FullCon_Wk23_Day3_081419-0164852-0165219,1648.52,1652.18,Moderator,3.6600000000000823,right it's like it's losing its magic
C1019_VC_3_FullCon_Wk23_Day3_081419,C1019_VC_3_FullCon_Wk23_Day3_081419-0165232-0166078,1652.32,1660.77,Participant,8.450000000000045,you do you kind of feel the same my high green i was over at fred myers and i was looking for something that often
C1019_VC_3_FullCon_Wk23_Day3_081419,C1019_VC_3_FullCon_Wk23_Day3_081419-0166078-0166856,1660.78,1668.55,Participant,7.769999999999982,sort of the garden are were and all some then there was all these empty shelves and i thought he got they're setting up for halloween or uh
C1019_VC_3_FullCon_Wk23_Day3_081419,C1019_VC_3_FullCon_Wk23_Day3_081419-0166859-0167928,1668.59,1679.27,Participant,10.680000000000064,we are christmas or something i think ever getting ready for christmas do bully and then i put halloween kind of one maybe one shelf and and making a big ping about christmas because it
C1019_VC_3_FullCon_Wk23_Day3_081419,C1019_VC_3_FullCon_Wk23_Day3_081419-0167942-0168210,1679.42,1682.09,Participant,2.6699999999998454,a it comes so fast that i 
C1019_VC_3_FullCon_Wk23_Day3_081419,C1019_VC_3_FullCon_Wk23_Day3_081419-0168210-0168451,1682.1,1684.5,Moderator,2.400000000000091,now people just
C1019_VC_3_FullCon_Wk23_Day3_081419,C1019_VC_3_FullCon_Wk23_Day3_081419-0168451-0169009,1684.51,1690.08,Participant,5.569999999999937,it's hard to get in the mood and they don't want everybody to go on amazon they want people to buy here so 
C1019_VC_3_FullCon_Wk23_Day3_081419,C1019_VC_3_FullCon_Wk23_Day3_081419-0169142-0169382,1691.42,1693.81,Participant,2.3899999999998727,but i think we do it way too early
C1019_VC_3_FullCon_Wk23_Day3_081419,C1019_VC_3_FullCon_Wk23_Day3_081419-0169389-0170190,1693.89,1701.89,Participant,8.0,and i know i went to goodwill and and the the half the store is all costumes and i'm not on list neat that people can go and get costumes this way but
C1019_VC_3_FullCon_Wk23_Day3_081419,C1019_VC_3_FullCon_Wk23_Day3_081419-0170190-0170549,1701.9,1705.48,Participant,3.5799999999999272,boy did they really really go all out you can get 
C1019_VC_3_FullCon_Wk23_Day3_081419,C1019_VC_3_FullCon_Wk23_Day3_081419-0170549-0171416,1705.49,1714.15,Participant,8.660000000000082,everything under the sun there from now false teas and wages too shoes boots and sorts and why not i mean everything
C1019_VC_3_FullCon_Wk23_Day3_081419,C1019_VC_3_FullCon_Wk23_Day3_081419-0171416-0171645,1714.16,1716.44,Moderator,2.2799999999999727,yeah oh yeah
C1019_VC_3_FullCon_Wk23_Day3_081419,C1019_VC_3_FullCon_Wk23_Day3_081419-0171645-0172063,1716.45,1720.62,Moderator,4.170000000000074,it's kind of crazy and i've because i've been a single parent
C1019_VC_3_FullCon_Wk23_Day3_081419,C1019_VC_3_FullCon_Wk23_Day3_081419-0172063-0172729,1720.63,1727.28,Moderator,6.649999999999863,i always try and minimize the cost in the focus around money so for christmas it's always
C1019_VC_3_FullCon_Wk23_Day3_081419,C1019_VC_3_FullCon_Wk23_Day3_081419-0172757-0173060,1727.57,1730.59,Moderator,3.0199999999999823,not bare minimum but most of it is
C1019_VC_3_FullCon_Wk23_Day3_081419,C1019_VC_3_FullCon_Wk23_Day3_081419-0173060-0173697,1730.6,1736.96,Moderator,6.360000000000127,e i would say at least half of the gifts i give my daughter stuff that i've made cause i can sew and do other stuff so
C1019_VC_3_FullCon_Wk23_Day3_081419,C1019_VC_3_FullCon_Wk23_Day3_081419-0173730-0174441,1737.3,1744.4,Moderator,7.100000000000137,i try and focus on that in that way she can make gifts too for me and she feels kind of included in that but
C1019_VC_3_FullCon_Wk23_Day3_081419,C1019_VC_3_FullCon_Wk23_Day3_081419-0174441-0175015,1744.41,1750.14,Moderator,5.730000000000018,same with halloween you know she's gotta make her own costume i think we've only ever
C1019_VC_3_FullCon_Wk23_Day3_081419,C1019_VC_3_FullCon_Wk23_Day3_081419-0175165-0175975,1751.65,1759.74,Moderator,8.089999999999918,i don't think we've actually ever bought a costume or i think maybe one of her first costumes i bought was like a lady bug but other than that like she's got a
C1019_VC_3_FullCon_Wk23_Day3_081419,C1019_VC_3_FullCon_Wk23_Day3_081419-0175975-0176447,1759.75,1764.46,Moderator,4.710000000000036,be creative about it and i can sew and help her create it but
C1019_VC_3_FullCon_Wk23_Day3_081419,C1019_VC_3_FullCon_Wk23_Day3_081419-0176512-0177247,1765.12,1772.46,Participant,7.3400000000001455,i think that was us to go to a good god with good water someplace than about utility somewhere just to go and get the year
C1019_VC_3_FullCon_Wk23_Day3_081419,C1019_VC_3_FullCon_Wk23_Day3_081419-0177247-0177950,1772.47,1779.49,Participant,7.019999999999982,not the costumes that they were selling but just the older clothes that he wore in a long skirt or a jack and or something
C1019_VC_3_FullCon_Wk23_Day3_081419,C1019_VC_3_FullCon_Wk23_Day3_081419-0177950-0178229,1779.5,1782.28,Participant,2.7799999999999727,mora four mellor something that was just
C1019_VC_3_FullCon_Wk23_Day3_081419,C1019_VC_3_FullCon_Wk23_Day3_081419-0178248-0178522,1782.48,1785.21,Participant,2.7300000000000177,was really reasonable and the 
C1019_VC_3_FullCon_Wk23_Day3_081419,C1019_VC_3_FullCon_Wk23_Day3_081419-0178522-0178990,1785.22,1789.89,Participant,4.670000000000074,uh those customs aren't cheap and they're usually yum
C1019_VC_3_FullCon_Wk23_Day3_081419,C1019_VC_3_FullCon_Wk23_Day3_081419-0179069-0179587,1790.69,1795.86,Participant,5.1699999999998445,oh it's a one time thing even though some other kids will put them in the 
C1019_VC_3_FullCon_Wk23_Day3_081419,C1019_VC_3_FullCon_Wk23_Day3_081419-0179587-0179893,1795.87,1798.92,Participant,3.050000000000182,toy boxes de for later it now
C1019_VC_3_FullCon_Wk23_Day3_081419,C1019_VC_3_FullCon_Wk23_Day3_081419-0179893-0180797,1798.93,1807.96,Participant,9.029999999999973,they rarely go and use them again right when we had these big frilly skirts and jewelry and stuff they dress up a lot and those in scarves and
C1019_VC_3_FullCon_Wk23_Day3_081419,C1019_VC_3_FullCon_Wk23_Day3_081419-0180919-0181402,1809.19,1814.01,Participant,4.819999999999937,a we used to be very creative in finding different things for a dress up 
C1019_VC_3_FullCon_Wk23_Day3_081419,C1019_VC_3_FullCon_Wk23_Day3_081419-0181405-0181771,1814.05,1817.7,Participant,3.6500000000000914,yeah hats and big purses and stuff 
C1019_VC_3_FullCon_Wk23_Day3_081419,C1019_VC_3_FullCon_Wk23_Day3_081419-0181771-0181995,1817.71,1819.94,Moderator,2.230000000000018,yea i'd like start so harmony
C1019_VC_3_FullCon_Wk23_Day3_081419,C1019_VC_3_FullCon_Wk23_Day3_081419-0181995-0182615,1819.95,1826.14,Participant,6.190000000000055,yeah it is for fun i a lot more fun than it's going and packaging up a one
C1019_VC_3_FullCon_Wk23_Day3_081419,C1019_VC_3_FullCon_Wk23_Day3_081419-0182615-0183029,1826.15,1830.28,Participant,4.129999999999882,a no all witch costume or something in there i am
C1019_VC_3_FullCon_Wk23_Day3_081419,C1019_VC_3_FullCon_Wk23_Day3_081419-0183109-0183492,1831.09,1834.91,Participant,3.820000000000164,yeah there used people in paper anyhow and you know
C1019_VC_3_FullCon_Wk23_Day3_081419,C1019_VC_3_FullCon_Wk23_Day3_081419-0183492-0183909,1834.92,1839.08,Participant,4.159999999999855,that it's not very much they look cute in the picture any of it
C1019_VC_3_FullCon_Wk23_Day3_081419,C1019_VC_3_FullCon_Wk23_Day3_081419-0183961-0184439,1839.61,1844.38,Participant,4.770000000000209,yeah we do the things that you could make up and stuff in his makeup and
C1019_VC_3_FullCon_Wk23_Day3_081419,C1019_VC_3_FullCon_Wk23_Day3_081419-0184471-0185099,1844.71,1850.98,Moderator,6.269999999999982,what morphine i definitely would have to agree on that i think that is what has been helpful
C1019_VC_3_FullCon_Wk23_Day3_081419,C1019_VC_3_FullCon_Wk23_Day3_081419-0185099-0185337,1850.99,1853.36,Moderator,2.3699999999998913,in keeping the spirit 
C1019_VC_3_FullCon_Wk23_Day3_081419,C1019_VC_3_FullCon_Wk23_Day3_081419-0185337-0185645,1853.37,1856.44,Moderator,3.070000000000164,the magic of these holidays is that no 
C1019_VC_3_FullCon_Wk23_Day3_081419,C1019_VC_3_FullCon_Wk23_Day3_081419-0185645-0186076,1856.45,1860.75,Moderator,4.2999999999999545,we just don't put the emphasis in the money part and more of the creativity in
C1019_VC_3_FullCon_Wk23_Day3_081419,C1019_VC_3_FullCon_Wk23_Day3_081419-0186088-0186495,1860.88,1864.94,Moderator,4.0599999999999445,i kind especially with christmas that kind of helps it that let down because all of a sudden
C1019_VC_3_FullCon_Wk23_Day3_081419,C1019_VC_3_FullCon_Wk23_Day3_081419-0186507-0187214,1865.07,1872.13,Moderator,7.060000000000173,christmas is over the day after christmas the music goes back to regular and everybody now back to day to day stuff in
C1019_VC_3_FullCon_Wk23_Day3_081419,C1019_VC_3_FullCon_Wk23_Day3_081419-0187217-0187496,1872.17,1874.95,Moderator,2.7799999999999727,i think that creativity kind of helps to
C1019_VC_3_FullCon_Wk23_Day3_081419,C1019_VC_3_FullCon_Wk23_Day3_081419-0187501-0187909,1875.01,1879.08,Moderator,4.069999999999936,to help with that in transitional it i think so too yeah
C1019_VC_3_FullCon_Wk23_Day3_081419,C1019_VC_3_FullCon_Wk23_Day3_081419-0187909-0188129,1879.09,1881.28,Participant,2.1900000000000546,yeah it's it's crazy 
C1019_VC_3_FullCon_Wk23_Day3_081419,C1019_VC_3_FullCon_Wk23_Day3_081419-0188142-0189106,1881.42,1891.05,Moderator,9.629999999999884,right well we've hit our time for today um thank you so much again for chatting with me and we'll talk again some maro twelve o'clock
C1019_VC_3_FullCon_Wk23_Day3_081419,C1019_VC_3_FullCon_Wk23_Day3_081419-0189151-0189870,1891.51,1898.69,Participant,7.180000000000063,okay milan thursday we have gone by kind of pasta home just isn't gonna go fast
C1019_VC_3_FullCon_Wk23_Day3_081419,C1019_VC_3_FullCon_Wk23_Day3_081419-0189870-0190268,1898.7,1902.67,Moderator,3.9700000000000273,no it's crazy all right we'll see tomorrow
C1019_VC_3_FullCon_Wk23_Day3_081419,C1019_VC_3_FullCon_Wk23_Day3_081419-0190287-0190527,1902.87,1905.26,Participant,2.3900000000001,uh came all
